BEGIN;


INSERT INTO organization VALUES ('dffc0659-bd4b-40a4-aede-58d663a8484d', 'kubegrade', '2025-05-01 18:00:26.874121+07', '2025-05-01 18:00:26.87386+07');


INSERT INTO cluster_group VALUES ('ee36cd6d-6497-41b3-9e1d-05f33852eedf', 'dffc0659-bd4b-40a4-aede-58d663a8484d', 'Default', '2025-05-01 18:00:26.944974+07', '2025-05-01 18:00:26.944974+07');


INSERT INTO cluster_token VALUES ('kg_OwwRIkUOPwiUwyOqpywxTOPLfcmIKifnKcSMrN9a', 'dffc0659-bd4b-40a4-aede-58d663a8484d', 'Production', '2025-05-01 18:00:26.947842+07', '2025-05-01 18:00:26.947842+07');


INSERT INTO user_account VALUES ('4b882f79-7c45-40c9-9bf2-0c22059c39b4', 'dffc0659-bd4b-40a4-aede-58d663a8484d', 'owner', 'owner1@kubegrade.com', true, 'owner1', 'owner1', '2025-05-01 18:00:26.940411+07', '2025-05-01 18:00:26.940029+07');
INSERT INTO user_account VALUES ('54eedbad-f018-4117-a9c3-dd067679e0c9', 'dffc0659-bd4b-40a4-aede-58d663a8484d', 'owner', 'owner2@kubegrade.com', true, 'owner2', 'owner2', '2025-05-01 18:00:26.942521+07', '2025-05-01 18:00:26.942362+07');
INSERT INTO user_account VALUES ('385a3dac-63a4-45a9-b4cd-9dcf5cba2037', 'dffc0659-bd4b-40a4-aede-58d663a8484d', 'owner', 'owner3@kubegrade.com', true, 'owner3', 'owner3', '2025-05-01 18:00:26.943967+07', '2025-05-01 18:00:26.943798+07');
INSERT INTO user_account VALUES ('f30b3238-d331-4ed8-9312-8549f47285e9', 'dffc0659-bd4b-40a4-aede-58d663a8484d', 'admin', 'admin@kubegrade.com', true, 'admin', 'admin', '2025-05-01 18:00:26.942521+07', '2025-05-01 18:00:26.942362+07');
INSERT INTO user_account VALUES ('c99e2b56-4f68-4a1b-8e21-1c4c1fbac248', 'dffc0659-bd4b-40a4-aede-58d663a8484d', 'user', 'user@kubegrade.com', true, 'user', 'user', '2025-05-01 18:00:26.942521+07', '2025-05-01 18:00:26.942362+07');

INSERT INTO password_auth VALUES ('owner1@kubegrade.com', '$2a$10$AEELom70eOD16MpLCNL25ucaFwiE9fCR4gtyelJY.j1J6SPZ8R3xe', '2gaDHILlBSPccrAZxZQAPU1ZB7fD9SxCPfSE3nB5', '2025-05-01 18:00:26.940411+07', '2025-05-01 18:00:26.940029+07');
INSERT INTO password_auth VALUES ('owner2@kubegrade.com', '$2a$10$AEELom70eOD16MpLCNL25ucaFwiE9fCR4gtyelJY.j1J6SPZ8R3xe', '2gaDHILlBSPccrAZxZQAPU1ZB7fD9SxCPfSE3nB5', '2025-05-01 18:00:26.942521+07', '2025-05-01 18:00:26.942362+07');
INSERT INTO password_auth VALUES ('owner3@kubegrade.com', '$2a$10$AEELom70eOD16MpLCNL25ucaFwiE9fCR4gtyelJY.j1J6SPZ8R3xe', '2gaDHILlBSPccrAZxZQAPU1ZB7fD9SxCPfSE3nB5', '2025-05-01 18:00:26.943967+07', '2025-05-01 18:00:26.943798+07');
INSERT INTO password_auth VALUES ('admin@kubegrade.com', '$2a$10$AEELom70eOD16MpLCNL25ucaFwiE9fCR4gtyelJY.j1J6SPZ8R3xe', '2gaDHILlBSPccrAZxZQAPU1ZB7fD9SxCPfSE3nB5', '2025-05-01 18:00:26.942521+07', '2025-05-01 18:00:26.942362+07');
INSERT INTO password_auth VALUES ('user@kubegrade.com', '$2a$10$AEELom70eOD16MpLCNL25ucaFwiE9fCR4gtyelJY.j1J6SPZ8R3xe', '2gaDHILlBSPccrAZxZQAPU1ZB7fD9SxCPfSE3nB5', '2025-05-01 18:00:26.942521+07', '2025-05-01 18:00:26.942362+07');

-- INSERT INTO cluster (id, organization_id, cluster_group_id) VALUES ('a681cc12-f3ef-40c1-b61f-6f68e1887501', 'dffc0659-bd4b-40a4-aede-58d663a8484d', 'ee36cd6d-6497-41b3-9e1d-05f33852eedf');
-- 
-- 
-- INSERT INTO cluster_info (cluster_id, name, version, platform) VALUES ('a681cc12-f3ef-40c1-b61f-6f68e1887501', 'default', '1.32.0', 'linux/amd64');
-- 
-- 
-- INSERT INTO cluster_wide_object (id, cluster_id, name, resource_version, body, type) VALUES ('d34d2aa7-c105-4d9b-9e2d-738f346b892b', 'a681cc12-f3ef-40c1-b61f-6f68e1887501', 'default', '66', 'null', 'namespace');
-- INSERT INTO cluster_wide_object (id, cluster_id, name, resource_version, body, type) VALUES ('c5f526ac-998c-4e5f-8ed4-551aace8f50d', 'a681cc12-f3ef-40c1-b61f-6f68e1887501', 'istio-system', '76381', 'null', 'namespace');
-- INSERT INTO cluster_wide_object (id, cluster_id, name, resource_version, body, type) VALUES ('c2d48e96-6a82-40a9-9e61-a266392b7b23', 'a681cc12-f3ef-40c1-b61f-6f68e1887501', 'kube-node-lease', '68', 'null', 'namespace');
-- INSERT INTO cluster_wide_object (id, cluster_id, name, resource_version, body, type) VALUES ('cbfe5625-f881-4056-ade8-96db23ce58e9', 'a681cc12-f3ef-40c1-b61f-6f68e1887501', 'kube-public', '64', 'null', 'namespace');
-- INSERT INTO cluster_wide_object (id, cluster_id, name, resource_version, body, type) VALUES ('2fcf8812-410b-420e-8f36-6a01e812cf24', 'a681cc12-f3ef-40c1-b61f-6f68e1887501', 'kube-system', '4', 'null', 'namespace');
-- INSERT INTO cluster_wide_object (id, cluster_id, name, resource_version, body, type) VALUES ('64e82f95-bf7b-417f-9726-95f8e8c45d1f', 'a681cc12-f3ef-40c1-b61f-6f68e1887501', 'minikube', '303607', '{"metric": {"cpuUsage": "0.147490895", "memoryUsage": "1051254784"}, "status": {"allocatableCPU": "12", "allocatableMemory": "16115060736"}}', 'node');
-- 
-- 
-- INSERT INTO namespaced_object (id, cluster_id, namespace, name, resource_version, body, type) VALUES ('643dad09-af05-46d0-9d9a-d166c7682462', 'a681cc12-f3ef-40c1-b61f-6f68e1887501', 'kube-system', 'coredns-668d6bf9bc-w4vx2', '265134', '{"containers": [{"name": "coredns", "cpuLimit": "0", "imageName": "coredns", "cpuRequest": "0.100", "memoryLimit": "178257920", "imageVersion": "v1.11.3", "memoryRequest": "73400320", "imageRepository": "registry.k8s.io/coredns"}]}', 'pod');
-- INSERT INTO namespaced_object (id, cluster_id, namespace, name, resource_version, body, type) VALUES ('eb51fabc-4135-49d4-ad55-88473994592a', 'a681cc12-f3ef-40c1-b61f-6f68e1887501', 'kube-system', 'etcd-minikube', '265113', '{"containers": [{"name": "etcd", "cpuLimit": null, "imageName": "etcd", "cpuRequest": "0.100", "memoryLimit": null, "imageVersion": "3.5.16-0", "memoryRequest": "104857600", "imageRepository": "registry.k8s.io"}]}', 'pod');
-- INSERT INTO namespaced_object (id, cluster_id, namespace, name, resource_version, body, type) VALUES ('2b27a942-e83d-4da5-9c54-98ea58ebf07a', 'a681cc12-f3ef-40c1-b61f-6f68e1887501', 'kube-system', 'kube-apiserver-minikube', '265119', '{"containers": [{"name": "kube-apiserver", "cpuLimit": null, "imageName": "kube-apiserver", "cpuRequest": "0.250", "memoryLimit": null, "imageVersion": "v1.32.0", "memoryRequest": "0", "imageRepository": "registry.k8s.io"}]}', 'pod');
-- INSERT INTO namespaced_object (id, cluster_id, namespace, name, resource_version, body, type) VALUES ('3513383c-5678-4fc4-8413-627a38f08228', 'a681cc12-f3ef-40c1-b61f-6f68e1887501', 'kube-system', 'kube-controller-manager-minikube', '265115', '{"containers": [{"name": "kube-controller-manager", "cpuLimit": null, "imageName": "kube-controller-manager", "cpuRequest": "0.200", "memoryLimit": null, "imageVersion": "v1.32.0", "memoryRequest": "0", "imageRepository": "registry.k8s.io"}]}', 'pod');
-- INSERT INTO namespaced_object (id, cluster_id, namespace, name, resource_version, body, type) VALUES ('9d4db256-b0ae-423d-ba23-7ace1debc7f7', 'a681cc12-f3ef-40c1-b61f-6f68e1887501', 'kube-system', 'kube-proxy-cnlwq', '265030', '{"containers": [{"name": "kube-proxy", "cpuLimit": null, "imageName": "kube-proxy", "cpuRequest": null, "memoryLimit": null, "imageVersion": "v1.32.0", "memoryRequest": null, "imageRepository": "registry.k8s.io"}]}', 'pod');
-- INSERT INTO namespaced_object (id, cluster_id, namespace, name, resource_version, body, type) VALUES ('56688ddc-a037-4b3e-98ed-1832fd9bc7d9', 'a681cc12-f3ef-40c1-b61f-6f68e1887501', 'kube-system', 'kube-scheduler-minikube', '265117', '{"containers": [{"name": "kube-scheduler", "cpuLimit": null, "imageName": "kube-scheduler", "cpuRequest": "0.100", "memoryLimit": null, "imageVersion": "v1.32.0", "memoryRequest": "0", "imageRepository": "registry.k8s.io"}]}', 'pod');
-- INSERT INTO namespaced_object (id, cluster_id, namespace, name, resource_version, body, type) VALUES ('cd13e1bd-b323-4f0d-901c-31acaa01957b', 'a681cc12-f3ef-40c1-b61f-6f68e1887501', 'kube-system', 'metrics-server-7fbb699795-9q4fw', '265158', '{"containers": [{"name": "metrics-server", "cpuLimit": null, "imageName": "metrics-server", "cpuRequest": "0.100", "memoryLimit": null, "imageVersion": "v0.7.2@sha256", "memoryRequest": "209715200", "imageRepository": "registry.k8s.io/metrics-server"}]}', 'pod');
-- INSERT INTO namespaced_object (id, cluster_id, namespace, name, resource_version, body, type) VALUES ('236cf9f6-5a3b-43b1-992b-2fef8f4a8110', 'a681cc12-f3ef-40c1-b61f-6f68e1887501', 'kube-system', 'storage-provisioner', '265146', '{"containers": [{"name": "storage-provisioner", "cpuLimit": null, "imageName": "storage-provisioner", "cpuRequest": null, "memoryLimit": null, "imageVersion": "v5", "memoryRequest": null, "imageRepository": "gcr.io/k8s-minikube"}]}', 'pod');
-- 
-- 
-- INSERT INTO cluster (id, organization_id, cluster_group_id) VALUES ('bed37aa8-b3d9-48bf-8edc-90633f4a1220', 'dffc0659-bd4b-40a4-aede-58d663a8484d', 'ee36cd6d-6497-41b3-9e1d-05f33852eedf');
-- 
-- 
-- INSERT INTO cluster_info (cluster_id, name, version, platform) VALUES ('bed37aa8-b3d9-48bf-8edc-90633f4a1220', 'default', '1.20.0', 'linux/amd64');
-- 
-- 
-- INSERT INTO cluster_wide_object (id, cluster_id, name, resource_version, body, type) VALUES ('27b59bcd-69f3-43fd-8b29-5eb7e2a96c71', 'bed37aa8-b3d9-48bf-8edc-90633f4a1220', 'default', '66', 'null', 'namespace');
-- INSERT INTO cluster_wide_object (id, cluster_id, name, resource_version, body, type) VALUES ('66234e33-742d-45c7-9c7b-1135c62c5e01', 'bed37aa8-b3d9-48bf-8edc-90633f4a1220', 'kube-node-lease', '68', 'null', 'namespace');
-- INSERT INTO cluster_wide_object (id, cluster_id, name, resource_version, body, type) VALUES ('26222bc6-f336-4cff-bf4b-3399beaa92e2', 'bed37aa8-b3d9-48bf-8edc-90633f4a1220', 'kube-public', '64', 'null', 'namespace');
-- INSERT INTO cluster_wide_object (id, cluster_id, name, resource_version, body, type) VALUES ('2fcf8812-410b-420e-8f36-6a01e812cf24', 'bed37aa8-b3d9-48bf-8edc-90633f4a1220', 'kube-system', '4', 'null', 'namespace');
-- INSERT INTO cluster_wide_object (id, cluster_id, name, resource_version, body, type) VALUES ('f2aeed91-55ec-43da-9f76-18a5dbbd1f72', 'bed37aa8-b3d9-48bf-8edc-90633f4a1220', 'minikube', '303607', '{"metric": {"cpuUsage": "0.147490895", "memoryUsage": "1051254784"}, "status": {"allocatableCPU": "12", "allocatableMemory": "16115060736"}}', 'node');
-- 
-- 
-- INSERT INTO namespaced_object (id, cluster_id, namespace, name, resource_version, body, type) VALUES ('223ad994-bfa5-4b82-b08e-056032793956', 'bed37aa8-b3d9-48bf-8edc-90633f4a1220', 'kube-system', 'coredns-668d6bf9bc-w4vx2', '265134', '{"containers": [{"name": "coredns", "cpuLimit": "0", "imageName": "coredns", "cpuRequest": "0.100", "memoryLimit": "178257920", "imageVersion": "v1.11.3", "memoryRequest": "73400320", "imageRepository": "registry.k8s.io/coredns"}]}', 'pod');
-- INSERT INTO namespaced_object (id, cluster_id, namespace, name, resource_version, body, type) VALUES ('f93a549c-deb5-452e-be52-814724e192a2', 'bed37aa8-b3d9-48bf-8edc-90633f4a1220', 'kube-system', 'etcd-minikube', '265113', '{"containers": [{"name": "etcd", "cpuLimit": null, "imageName": "etcd", "cpuRequest": "0.100", "memoryLimit": null, "imageVersion": "3.5.16-0", "memoryRequest": "104857600", "imageRepository": "registry.k8s.io"}]}', 'pod');
-- INSERT INTO namespaced_object (id, cluster_id, namespace, name, resource_version, body, type) VALUES ('e8ad6e77-8032-42fd-b78d-0fd802b95858', 'bed37aa8-b3d9-48bf-8edc-90633f4a1220', 'kube-system', 'kube-apiserver-minikube', '265119', '{"containers": [{"name": "kube-apiserver", "cpuLimit": null, "imageName": "kube-apiserver", "cpuRequest": "0.250", "memoryLimit": null, "imageVersion": "v1.32.0", "memoryRequest": "0", "imageRepository": "registry.k8s.io"}]}', 'pod');
-- INSERT INTO namespaced_object (id, cluster_id, namespace, name, resource_version, body, type) VALUES ('96e05abb-e10a-4312-b707-8f845eee4154', 'bed37aa8-b3d9-48bf-8edc-90633f4a1220', 'kube-system', 'kube-controller-manager-minikube', '265115', '{"containers": [{"name": "kube-controller-manager", "cpuLimit": null, "imageName": "kube-controller-manager", "cpuRequest": "0.200", "memoryLimit": null, "imageVersion": "v1.32.0", "memoryRequest": "0", "imageRepository": "registry.k8s.io"}]}', 'pod');
-- INSERT INTO namespaced_object (id, cluster_id, namespace, name, resource_version, body, type) VALUES ('e4fef675-c07f-4f1a-9ab4-d6e107374a4a', 'bed37aa8-b3d9-48bf-8edc-90633f4a1220', 'kube-system', 'kube-proxy-cnlwq', '265030', '{"containers": [{"name": "kube-proxy", "cpuLimit": null, "imageName": "kube-proxy", "cpuRequest": null, "memoryLimit": null, "imageVersion": "v1.32.0", "memoryRequest": null, "imageRepository": "registry.k8s.io"}]}', 'pod');
-- INSERT INTO namespaced_object (id, cluster_id, namespace, name, resource_version, body, type) VALUES ('869fc549-3d81-493e-b36d-938dcb2348f6', 'bed37aa8-b3d9-48bf-8edc-90633f4a1220', 'kube-system', 'kube-scheduler-minikube', '265117', '{"containers": [{"name": "kube-scheduler", "cpuLimit": null, "imageName": "kube-scheduler", "cpuRequest": "0.100", "memoryLimit": null, "imageVersion": "v1.32.0", "memoryRequest": "0", "imageRepository": "registry.k8s.io"}]}', 'pod');
-- INSERT INTO namespaced_object (id, cluster_id, namespace, name, resource_version, body, type) VALUES ('45c20930-b429-4e8f-98e8-26af92e43bf3', 'bed37aa8-b3d9-48bf-8edc-90633f4a1220', 'kube-system', 'metrics-server-7fbb699795-9q4fw', '265158', '{"containers": [{"name": "metrics-server", "cpuLimit": null, "imageName": "metrics-server", "cpuRequest": "0.100", "memoryLimit": null, "imageVersion": "v0.7.2@sha256", "memoryRequest": "209715200", "imageRepository": "registry.k8s.io/metrics-server"}]}', 'pod');
-- INSERT INTO namespaced_object (id, cluster_id, namespace, name, resource_version, body, type) VALUES ('637048b2-4e2d-4399-ae64-978ae34ce12b', 'bed37aa8-b3d9-48bf-8edc-90633f4a1220', 'kube-system', 'storage-provisioner', '265146', '{"containers": [{"name": "storage-provisioner", "cpuLimit": null, "imageName": "storage-provisioner", "cpuRequest": null, "memoryLimit": null, "imageVersion": "v5", "memoryRequest": null, "imageRepository": "gcr.io/k8s-minikube"}]}', 'pod');
-- 
-- INSERT INTO deprecated_api_group (cluster_id, deprecated_apis)  VALUES ('bed37aa8-b3d9-48bf-8edc-90633f4a1220', '[{"kind": "CronJob", "name": "cronjobs", "removedIn": "v1.25.0", "deprecated": false, "deprecatedIn": "v1.21.0", "clusterK8SVersion": "v1.20.0", "replacementVersion": "batch/v1", "currentGroupVersion": "batch/v1beta1"}, {"kind": "Ingress", "name": "ingresses", "removedIn": "v1.22.0", "deprecated": true, "deprecatedIn": "v1.14.0", "clusterK8SVersion": "v1.20.0", "replacementVersion": "networking.k8s.io/v1", "currentGroupVersion": "extensions/v1beta1"}, {"kind": "PodDisruptionBudget", "name": "poddisruptionbudgets", "removedIn": "v1.25.0", "deprecated": false, "deprecatedIn": "v1.21.0", "clusterK8SVersion": "v1.20.0", "replacementVersion": "policy/v1", "currentGroupVersion": "policy/v1beta1"}, {"kind": "PodSecurityPolicy", "name": "podsecuritypolicies", "removedIn": "v1.25.0", "deprecated": false, "deprecatedIn": "v1.21.0", "clusterK8SVersion": "v1.20.0", "replacementVersion": "", "currentGroupVersion": "policy/v1beta1"}, {"kind": "EndpointSlice", "name": "endpointslices", "removedIn": "v1.25.0", "deprecated": false, "deprecatedIn": "v1.21.0", "clusterK8SVersion": "v1.20.0", "replacementVersion": "discovery.k8s.io/v1", "currentGroupVersion": "discovery.k8s.io/v1beta1"}, {"kind": "FlowSchema", "name": "flowschemas", "removedIn": "v1.29.0", "deprecated": false, "deprecatedIn": "v1.24.0", "clusterK8SVersion": "v1.20.0", "replacementVersion": "flowcontrol.apiserver.k8s.io/v1beta3", "currentGroupVersion": "flowcontrol.apiserver.k8s.io/v1beta1"}, {"kind": "PriorityLevelConfiguration", "name": "prioritylevelconfigurations", "removedIn": "v1.29.0", "deprecated": false, "deprecatedIn": "v1.24.0", "clusterK8SVersion": "v1.20.0", "replacementVersion": "flowcontrol.apiserver.k8s.io/v1beta3", "currentGroupVersion": "flowcontrol.apiserver.k8s.io/v1beta1"}]');

END;
